round,category,source_path,local_path,actual_format,width,height,alpha_min,alpha_max,bytes_original,bytes_png,sha256,runtime_approved
round_01_drowned_harbor,audio,assets/audio/bgm_dusk_harbor.mp3,asset_bank/playground/round_01_drowned_harbor/audio/bgm_dusk_harbor.mp3,MP3,,,,,744658,744658,bf4e2a3e00391958be490b63b77c45f22e8583c9c6af5ed26ad67c79ccbd87ae,False
round_01_drowned_harbor,bosses,assets/images/boss_the_drowned_king_attack.png,asset_bank/playground/round_01_drowned_harbor/bosses/boss_the_drowned_king_attack.png,WEBP,8192,512,0,255,541048,3045568,259d5a610f1444a2dbc87483f885067d3be47fe045a666d17e9cbf7832db33c2,False
round_01_drowned_harbor,bosses,assets/images/boss_the_drowned_king_death.png,asset_bank/playground/round_01_drowned_harbor/bosses/boss_the_drowned_king_death.png,WEBP,8192,512,0,255,582134,3399756,c252cc51539ac8ab951d0131597f3ac1a054f2527ccb480d917d721bc6347371,False
round_01_drowned_harbor,bosses,assets/images/boss_the_drowned_king_hurt.png,asset_bank/playground/round_01_drowned_harbor/bosses/boss_the_drowned_king_hurt.png,WEBP,8192,512,0,255,501074,2767611,4f77bcd529cc4c59ec64b0d60d77dbe0a12bf56323da743c48c302be0f721b2c,False
round_01_drowned_harbor,bosses,assets/images/boss_the_drowned_king_idle.png,asset_bank/playground/round_01_drowned_harbor/bosses/boss_the_drowned_king_idle.png,WEBP,2048,512,0,255,176614,984057,caa9e9d48ba78fca23f6422fb978c7738b1b2c8365e7ada767be9ed70f935320,False
round_01_drowned_harbor,bosses,assets/images/boss_the_drowned_king_sword_attack.png,asset_bank/playground/round_01_drowned_harbor/bosses/boss_the_drowned_king_sword_attack.png,WEBP,8192,512,0,255,602530,3061138,f90bacdcea70b00c3c58cb0c1dd0c99a97724a0a6e5b503a2d3b4c9fe8b30eff,False
round_01_drowned_harbor,bosses,assets/images/boss_the_drowned_king_walk.png,asset_bank/playground/round_01_drowned_harbor/bosses/boss_the_drowned_king_walk.png,WEBP,8192,512,0,255,578416,3263877,3cc734a891904a82f456242795fb7b586f2fc8f5ce3e06490266d3897bb68e13,False
round_01_drowned_harbor,characters,assets/images/char_arcanist_attack.png,asset_bank/playground/round_01_drowned_harbor/characters/char_arcanist_attack.png,WEBP,8192,512,0,255,427026,2520468,d26d48d01f8192e72fff17134e5b2481aeaef97fc3e9e6843b5c2a88a60ffc43,False
round_01_drowned_harbor,characters,assets/images/char_arcanist_death.png,asset_bank/playground/round_01_drowned_harbor/characters/char_arcanist_death.png,WEBP,8192,512,0,255,443820,2535849,83bc6827c03b16626cf15f0931c7b55ad2aa146df53e580b0ff65a1c8bc1d188,False
round_01_drowned_harbor,characters,assets/images/char_arcanist_hurt.png,asset_bank/playground/round_01_drowned_harbor/characters/char_arcanist_hurt.png,WEBP,8192,512,0,255,505252,2849488,2527ab1d84eb44a13c63f391703ac890950739348893038a16a4608de12ca2c9,False
round_01_drowned_harbor,characters,assets/images/char_arcanist_idle.png,asset_bank/playground/round_01_drowned_harbor/characters/char_arcanist_idle.png,WEBP,2048,512,0,255,123028,718251,86e9952c8b94bb945edb0652dfd0acd2dd283e9bcc3e230195b14325b543df2d,False
round_01_drowned_harbor,characters,assets/images/char_arcanist_run.png,asset_bank/playground/round_01_drowned_harbor/characters/char_arcanist_run.png,WEBP,8192,512,0,255,541928,3072568,6eccafd36c770aa7e1e7a2b7b5b8c1f9159827756549adbdf74e2c145b3a6286,False
round_01_drowned_harbor,characters,assets/images/char_arcanist_walk.png,asset_bank/playground/round_01_drowned_harbor/characters/char_arcanist_walk.png,WEBP,8192,512,0,255,470574,2706087,26b3e805cf33b468aa3d80118742cc51469c90755d530d389b4573d40feb0f2b,False
round_01_drowned_harbor,characters,assets/images/char_ranger_death.png,asset_bank/playground/round_01_drowned_harbor/characters/char_ranger_death.png,WEBP,8192,512,0,255,344444,2093491,909c12b6f604e28122bf4bbe83871c5f10683c6ff6184297b3acae5e4375b722,False
round_01_drowned_harbor,characters,assets/images/char_ranger_hurt.png,asset_bank/playground/round_01_drowned_harbor/characters/char_ranger_hurt.png,WEBP,8192,512,0,255,392610,2428961,763c181a86f8ada10e8bdcab9d70c5b82484049d54184adbddf20d7facd4c69f,False
round_01_drowned_harbor,characters,assets/images/char_ranger_idle.png,asset_bank/playground/round_01_drowned_harbor/characters/char_ranger_idle.png,WEBP,2048,512,0,255,84770,504465,3a3c73f374bb582e21ac15f736d7ee5ebb92c00f3c9bdaa298f3ac0284325741,False
round_01_drowned_harbor,characters,assets/images/char_ranger_run.png,asset_bank/playground/round_01_drowned_harbor/characters/char_ranger_run.png,WEBP,8192,512,0,255,423382,2553779,aa90ece1a9d52e82e5da3915d15d74d0cef3e8efa4db9fac5b725b502ba6e7ac,False
round_01_drowned_harbor,characters,assets/images/char_ranger_shoot.png,asset_bank/playground/round_01_drowned_harbor/characters/char_ranger_shoot.png,WEBP,8192,512,0,255,479874,3064576,e1eab294e37a27c0f1f53a312e82f3dffb2b81256438b93acb31f6ccdfe2364e,False
round_01_drowned_harbor,characters,assets/images/char_ranger_walk.png,asset_bank/playground/round_01_drowned_harbor/characters/char_ranger_walk.png,WEBP,8192,512,0,255,323426,1978795,662a7600e4d13401c96d412f1e5701fcbfce34e2b58597685d8a399c032de852,False
round_01_drowned_harbor,characters,assets/images/char_vanguard_attack.png,asset_bank/playground/round_01_drowned_harbor/characters/char_vanguard_attack.png,WEBP,8192,512,0,255,392384,2427782,64df14879da11274fba0b3ea31f779e06a2fb6f264d5f122a7e4a6ef852227fe,False
round_01_drowned_harbor,characters,assets/images/char_vanguard_death.png,asset_bank/playground/round_01_drowned_harbor/characters/char_vanguard_death.png,WEBP,8192,512,0,255,419626,2443201,7e5fff311731a6fd7dcc2507f6bdd2f4f34da29a6f4c94b9858dd0f0c631b08b,False
round_01_drowned_harbor,characters,assets/images/char_vanguard_hurt.png,asset_bank/playground/round_01_drowned_harbor/characters/char_vanguard_hurt.png,WEBP,8192,512,0,255,570504,3577663,b798ba2818cef91f5e206f10178c16ee5c713a20bf11c1fd6c337c23712988ad,False
round_01_drowned_harbor,characters,assets/images/char_vanguard_idle.png,asset_bank/playground/round_01_drowned_harbor/characters/char_vanguard_idle.png,WEBP,2048,512,0,255,130814,832863,22428f867081b255a5b4363d9bac3f3c8e51d5b20e871bea4295df49c8ed3da0,False
round_01_drowned_harbor,characters,assets/images/char_vanguard_run.png,asset_bank/playground/round_01_drowned_harbor/characters/char_vanguard_run.png,WEBP,8192,512,0,255,448156,2768641,37bc893aa9d96f134a12967081c3823c8dfb37cc1875c2b56536a5e21b959cda,False
round_01_drowned_harbor,characters,assets/images/char_vanguard_walk.png,asset_bank/playground/round_01_drowned_harbor/characters/char_vanguard_walk.png,WEBP,8192,512,0,255,384750,2463694,8a4d9884b61990279b41182855f8eceee9db0bc130a84d7463ffd57298a3f624,False
round_01_drowned_harbor,enemies,assets/images/enemy_abyssal_crab.png,asset_bank/playground/round_01_drowned_harbor/enemies/enemy_abyssal_crab.png,WEBP,700,498,0,255,68838,392435,f63a376957e2806eaa6c3b2a94789180bfd3b1a7677bf3986b8b23fbe7e68a62,False
round_01_drowned_harbor,enemies,assets/images/enemy_armored_guardian_attack.png,asset_bank/playground/round_01_drowned_harbor/enemies/enemy_armored_guardian_attack.png,WEBP,8192,512,0,255,695248,4283648,7e1f15c8bbe263f6df88c8fb55073ddd4d4b5e1ed920f9ad4d778cce82cf698b,False
round_01_drowned_harbor,enemies,assets/images/enemy_armored_guardian_death.png,asset_bank/playground/round_01_drowned_harbor/enemies/enemy_armored_guardian_death.png,WEBP,8192,512,0,255,567946,3262598,27553a1ce3c8cad9de322d56a3bb8394b907ba570486fedce452f85ee5c7c480,False
round_01_drowned_harbor,enemies,assets/images/enemy_armored_guardian_hurt.png,asset_bank/playground/round_01_drowned_harbor/enemies/enemy_armored_guardian_hurt.png,WEBP,8192,512,0,255,560470,3272754,8d3eb7a688df2ad51b6e4536f2426ed7d81c257a3ff860653a44ee9a5f5fb751,False
round_01_drowned_harbor,enemies,assets/images/enemy_armored_guardian_idle.png,asset_bank/playground/round_01_drowned_harbor/enemies/enemy_armored_guardian_idle.png,WEBP,2048,512,0,255,168600,995430,44a5cc3fb699aaf1cc1c9efc81b6d527c677a74161a66b84ed940fe84107ad1f,False
round_01_drowned_harbor,enemies,assets/images/enemy_armored_guardian_walk.png,asset_bank/playground/round_01_drowned_harbor/enemies/enemy_armored_guardian_walk.png,WEBP,8192,512,0,255,536946,3293053,eecdc86823fa3476acf370170f6c1bc44a0a69c8e449b7516bc4062b0dbd53d3,False
round_01_drowned_harbor,enemies,assets/images/enemy_cursed_archer_death.png,asset_bank/playground/round_01_drowned_harbor/enemies/enemy_cursed_archer_death.png,WEBP,8192,512,0,255,490640,2381379,b44223318d17b8a77934731a150390bb6c73b6de5fb453b4edd9a19b75fa6167,False
round_01_drowned_harbor,enemies,assets/images/enemy_cursed_archer_hurt.png,asset_bank/playground/round_01_drowned_harbor/enemies/enemy_cursed_archer_hurt.png,WEBP,8192,512,0,255,508152,2550925,ea1c6efb6dbf26d0fc4642b6bce726c4d2bed5ba4ff4ef39c8134e578e5933e2,False
round_01_drowned_harbor,enemies,assets/images/enemy_cursed_archer_idle.png,asset_bank/playground/round_01_drowned_harbor/enemies/enemy_cursed_archer_idle.png,WEBP,2048,512,0,255,116926,638625,6946a1246f7efb40b0eb332efe18dec7a77bf4291327a4f8af568c7662ceb169,False
round_01_drowned_harbor,enemies,assets/images/enemy_cursed_archer_shoot.png,asset_bank/playground/round_01_drowned_harbor/enemies/enemy_cursed_archer_shoot.png,WEBP,8192,512,0,255,486902,2416427,695b30310e90052e914739a0a0e5b3b8e70ecd653e20a76450b9bb2df45deffd,False
round_01_drowned_harbor,enemies,assets/images/enemy_cursed_archer_walk.png,asset_bank/playground/round_01_drowned_harbor/enemies/enemy_cursed_archer_walk.png,WEBP,8192,512,0,255,507844,2700421,31b327e95aa00cfb546e44b1f352015db5b6b6e4002ed683f9015e2e6ced8c6c,False
round_01_drowned_harbor,enemies,assets/images/enemy_drowned_hunter_attack.png,asset_bank/playground/round_01_drowned_harbor/enemies/enemy_drowned_hunter_attack.png,WEBP,8192,512,0,255,370752,2214666,1654bd786a1b05bc2905b3ba0bac73973370d41520f5d0768d5f79905c65dcb3,False
round_01_drowned_harbor,enemies,assets/images/enemy_drowned_hunter_death.png,asset_bank/playground/round_01_drowned_harbor/enemies/enemy_drowned_hunter_death.png,WEBP,8192,512,0,255,394046,2386688,6812aaad722029e584bc7183bf677509c9a07e50251f5837ef6a634aac572960,False
round_01_drowned_harbor,enemies,assets/images/enemy_drowned_hunter_hurt.png,asset_bank/playground/round_01_drowned_harbor/enemies/enemy_drowned_hunter_hurt.png,WEBP,8192,512,0,255,316806,2040804,ec716d2fb02e9812d0e807a2625bae1ac50ad5b29cd632375cde2b1d6aed498d,False
round_01_drowned_harbor,enemies,assets/images/enemy_drowned_hunter_idle.png,asset_bank/playground/round_01_drowned_harbor/enemies/enemy_drowned_hunter_idle.png,WEBP,2048,512,0,255,122022,730660,d1171eb144e2dd8df02c82830904a003c3312b83505a5fe13859f24f26dbb4f9,False
round_01_drowned_harbor,enemies,assets/images/enemy_drowned_hunter_run.png,asset_bank/playground/round_01_drowned_harbor/enemies/enemy_drowned_hunter_run.png,WEBP,8192,512,0,255,453376,2713285,21c682a69ced044a6100cff5e8292cf286f2b30d888e7b90148500f668a7a41e,False
round_01_drowned_harbor,enemies,assets/images/enemy_drowned_soldier_death.png,asset_bank/playground/round_01_drowned_harbor/enemies/enemy_drowned_soldier_death.png,WEBP,8192,512,0,255,498788,2716101,c9494e771079b4d10520d530647ded48606713ec00b123c79b6c0eb164263a95,False
round_01_drowned_harbor,enemies,assets/images/enemy_drowned_soldier_hurt.png,asset_bank/playground/round_01_drowned_harbor/enemies/enemy_drowned_soldier_hurt.png,WEBP,8192,512,0,255,472626,2735190,a5dae49d0ae1b21e2e140e18c31c419b10f831374b228180e687a2fced9dff44,False
round_01_drowned_harbor,enemies,assets/images/enemy_drowned_soldier_idle.png,asset_bank/playground/round_01_drowned_harbor/enemies/enemy_drowned_soldier_idle.png,WEBP,2048,512,0,255,122910,670108,20325e5a0a5ae38a4746521f92731889413cdae09256177dfed5d267b6e1bf39,False
round_01_drowned_harbor,enemies,assets/images/enemy_drowned_soldier_sword_attack.png,asset_bank/playground/round_01_drowned_harbor/enemies/enemy_drowned_soldier_sword_attack.png,WEBP,8192,512,0,255,550938,3077264,5fe8f724d195dab381716edd8f55f94f2e073db59b7fb387cf30cc81125770d7,False
round_01_drowned_harbor,enemies,assets/images/enemy_drowned_soldier_walk.png,asset_bank/playground/round_01_drowned_harbor/enemies/enemy_drowned_soldier_walk.png,WEBP,8192,512,0,255,447476,2600310,7cfd7531eeddb21c3f0d7239af4caa8e0a9f3b4d31f05d83611c3dc4574d3178,False
round_01_drowned_harbor,props,assets/images/prop_broken_pillar.png,asset_bank/playground/round_01_drowned_harbor/props/prop_broken_pillar.png,WEBP,762,824,0,255,51580,331714,e4a801f28980afcd30629c38407ced893db16b29c67f975379b7a142b2cbe8e3,False
round_01_drowned_harbor,props,assets/images/prop_campfire.png,asset_bank/playground/round_01_drowned_harbor/props/prop_campfire.png,WEBP,722,681,0,255,58040,406316,288b391aa5d202df2a5964e803feeed8772a1a6bf517ed651a1c7cd0a914f261,False
round_01_drowned_harbor,props,assets/images/prop_coin_pickup.png,asset_bank/playground/round_01_drowned_harbor/props/prop_coin_pickup.png,WEBP,782,702,0,255,61188,471612,c386dbf6ac3389f6d461ccf539fe026ea4ded7e2738585ea23ce3711ca6daf84,False
round_01_drowned_harbor,props,assets/images/prop_harbor_lantern.png,asset_bank/playground/round_01_drowned_harbor/props/prop_harbor_lantern.png,WEBP,244,844,0,255,39852,168338,1e3e4ccb5c81320664fb2bf125824b746fff15895cd072c4c51ed14ca66ff7f9,False
round_01_drowned_harbor,props,assets/images/prop_healing_flask.png,asset_bank/playground/round_01_drowned_harbor/props/prop_healing_flask.png,WEBP,434,607,0,255,40956,237095,bc8ed1d37033d3f9fea27a1268121b67371a9400202d85434e133c4dfea37365,False
round_01_drowned_harbor,props,assets/images/prop_locked_chest.png,asset_bank/playground/round_01_drowned_harbor/props/prop_locked_chest.png,WEBP,750,777,0,255,111158,731565,783d7cd0a98e15f71639da80a38254d7bed99beea25eecc63792e7e271ab0b50,False
round_01_drowned_harbor,props,assets/images/prop_rope_bundle.png,asset_bank/playground/round_01_drowned_harbor/props/prop_rope_bundle.png,WEBP,864,671,0,255,78362,572322,672b7e724c00bdf2573e006d21a8349b8c4db5fc942fbc3b853e4d8f1920b741,False
round_01_drowned_harbor,props,assets/images/prop_rune_obelisk.png,asset_bank/playground/round_01_drowned_harbor/props/prop_rune_obelisk.png,WEBP,454,911,0,255,71344,434779,b497357b1d4aff9fe0ceeae58e096eed268d43cbf95addbf0d82bf4de30ecf76,False
round_01_drowned_harbor,props,assets/images/prop_shrine_save.png,asset_bank/playground/round_01_drowned_harbor/props/prop_shrine_save.png,WEBP,660,788,0,255,91962,500802,43e768975f1cd6ef481946b1a7407cff0afac4300b8b33db3064f2319c1770e3,False
round_01_drowned_harbor,props,assets/images/prop_small_boat.png,asset_bank/playground/round_01_drowned_harbor/props/prop_small_boat.png,WEBP,731,506,0,255,66416,406491,589dc1f4ee04d58667b54b8cfcdac751cc3e29e00e37a81d247f008c69088e20,False
round_01_drowned_harbor,props,assets/images/prop_stone_column.png,asset_bank/playground/round_01_drowned_harbor/props/prop_stone_column.png,WEBP,394,900,0,255,47704,281524,582e44d5c2622e1b84d991598aa9e033f79c63982de5e787c9319ff6a2990a55,False
round_01_drowned_harbor,props,assets/images/prop_sunken_fountain.png,asset_bank/playground/round_01_drowned_harbor/props/prop_sunken_fountain.png,WEBP,854,684,0,255,94402,599843,9e0b3955ead60a08f3683691495bfb094888d5471b9abe6e6121336267b0c077,False
round_01_drowned_harbor,props,assets/images/prop_treasure_chest.png,asset_bank/playground/round_01_drowned_harbor/props/prop_treasure_chest.png,WEBP,742,711,0,255,63590,489973,351329f760fe5d91104e0acb3a03bef60d22dd76f79fe7dc5f551532012d23b2,False
round_01_drowned_harbor,props,assets/images/prop_weapon_pedestal.png,asset_bank/playground/round_01_drowned_harbor/props/prop_weapon_pedestal.png,WEBP,863,826,0,255,98030,615258,e5dd20ec1e04a085534fd8cfe3f8ab55871f5ffa192a41551192ab9d8a8950c5,False
round_01_drowned_harbor,props,assets/images/prop_wooden_barrel.png,asset_bank/playground/round_01_drowned_harbor/props/prop_wooden_barrel.png,WEBP,678,884,0,255,65600,512248,ad7bdb9e2ea5f8a2f7f802b82c57a341ec964a09691d1be1b84c4ac6b9851ffe,False
round_01_drowned_harbor,props,assets/images/prop_wooden_crate.png,asset_bank/playground/round_01_drowned_harbor/props/prop_wooden_crate.png,WEBP,676,672,0,255,67982,446067,6ab1a76a7b24f82bb96407179081b29a1682904ad33ea2f527d51f47e286d3d5,False
round_01_drowned_harbor,backgrounds,assets/images/scene_abandoned_docks.png,asset_bank/playground/round_01_drowned_harbor/backgrounds/scene_abandoned_docks.png,WEBP,1376,768,255,255,125098,1137209,a069d47e04d8f5ba3dca46004c049f2304dc23f9149e1d07427f38c663311a7e,False
round_01_drowned_harbor,backgrounds,assets/images/scene_drowned_cathedral.png,asset_bank/playground/round_01_drowned_harbor/backgrounds/scene_drowned_cathedral.png,WEBP,1376,768,255,255,171042,1457108,be12d01eedd8ff90a6bbff62eef0f28fd443e8a9d93d8e92af8140d06b38c6fd,False
round_01_drowned_harbor,backgrounds,assets/images/scene_flooded_market.png,asset_bank/playground/round_01_drowned_harbor/backgrounds/scene_flooded_market.png,WEBP,1376,768,255,255,132478,1191814,47ea564178b7485a069d10e130a726aa64e94e8c1006787a7043be8f4dbeaa18,False
round_01_drowned_harbor,backgrounds,assets/images/scene_main_menu_dusk_harbor.png,asset_bank/playground/round_01_drowned_harbor/backgrounds/scene_main_menu_dusk_harbor.png,WEBP,1376,768,255,255,106796,1063490,d95ae612a658f1463b5a87c9442c1b8e30b5ca952f286789ba3a1f45095d5246,False
round_01_drowned_harbor,backgrounds,assets/images/scene_sanctuary_campfire.png,asset_bank/playground/round_01_drowned_harbor/backgrounds/scene_sanctuary_campfire.png,WEBP,1376,768,255,255,179654,1400998,cbe013459239e025a80c39ab4036a4dc37be86b47a96559b4cc2f77354e20ca2,False
round_01_drowned_harbor,backgrounds,assets/images/scene_world_map.png,asset_bank/playground/round_01_drowned_harbor/backgrounds/scene_world_map.png,WEBP,1376,768,255,255,231304,1672885,d1baa9f8c0c8746afcd2ec479b41e2618371ff2a4114a52d23319f26278c2d6f,False
round_01_drowned_harbor,tilesets,assets/images/tileset_abandoned_docks.png,asset_bank/playground/round_01_drowned_harbor/tilesets/tileset_abandoned_docks.png,WEBP,993,818,0,255,181072,930732,db9786c14649d38ab44f7035ccfb326f8761cfe9026b17c0dfc21f5c9ac247d8,False
round_01_drowned_harbor,tilesets,assets/images/tileset_cursed_fortress.png,asset_bank/playground/round_01_drowned_harbor/tilesets/tileset_cursed_fortress.png,WEBP,836,625,0,255,92394,542180,40be17ccff1869a522421ece1bc3b3fc067bc088d8cb108c347002401998a6ec,False
round_01_drowned_harbor,tilesets,assets/images/tileset_drowned_cathedral.png,asset_bank/playground/round_01_drowned_harbor/tilesets/tileset_drowned_cathedral.png,WEBP,893,768,0,255,190442,1043996,b0b5d7fccc3cd5770e9ee73b37fc1444c66f8f48002a7368bc7f41d7a260b251,False
round_01_drowned_harbor,tilesets,assets/images/tileset_flooded_market.png,asset_bank/playground/round_01_drowned_harbor/tilesets/tileset_flooded_market.png,WEBP,977,743,0,255,151536,787285,d1a047346ce787316b9db7b011c7325defb6bbf26ed62ffedd502dc440ccbc48,False
round_01_drowned_harbor,tilesets,assets/images/tileset_forgotten_gardens.png,asset_bank/playground/round_01_drowned_harbor/tilesets/tileset_forgotten_gardens.png,WEBP,927,646,0,255,155780,755834,b8c33a77892da68cc36df02e71257e8bc181795c22a9fe4e33ccaf405acd2c64,False
round_01_drowned_harbor,vfx,assets/images/vfx_bullet_impact.png,asset_bank/playground/round_01_drowned_harbor/vfx/vfx_bullet_impact.png,WEBP,731,671,0,255,78230,489186,e43c37091a7da94dae4eb4158f74b486731b1212d0b1c8b6d2effaee47d9b1a4,False
round_01_drowned_harbor,vfx,assets/images/vfx_chest_glow.png,asset_bank/playground/round_01_drowned_harbor/vfx/vfx_chest_glow.png,WEBP,547,732,0,255,51786,302293,ce37f7fd373f9ee736d775c1c368f703f1df87e89f46c2bb560e798862a5e222,False
round_01_drowned_harbor,vfx,assets/images/vfx_dash_trail.png,asset_bank/playground/round_01_drowned_harbor/vfx/vfx_dash_trail.png,WEBP,795,538,0,255,70758,414012,bfa36d68f4e3d57ee3dedf80d65109aaf43ac0a82cb3415001234849faee94d0,False
round_01_drowned_harbor,vfx,assets/images/vfx_magic_spark.png,asset_bank/playground/round_01_drowned_harbor/vfx/vfx_magic_spark.png,WEBP,700,700,0,255,92504,595403,db1ea25b7d78886b1d92e8d3708ce18652995a7fb31cb402aa2c5065538da028,False
round_01_drowned_harbor,vfx,assets/images/vfx_runic_slash.png,asset_bank/playground/round_01_drowned_harbor/vfx/vfx_runic_slash.png,WEBP,671,620,0,255,54696,317500,2d568fa946e092f8eb73607a3cd43be31cfc0953cbef57a27dcc6d6b4ffc7257,False
round_01_drowned_harbor,vfx,assets/images/vfx_water_splash.png,asset_bank/playground/round_01_drowned_harbor/vfx/vfx_water_splash.png,WEBP,702,712,0,255,89744,517727,5f0eca8b80ad8be23374bafc66a149cd38e1a6449230f4bd62af6dfa78e489b4,False
round_01_drowned_harbor,weapons,assets/images/weapon_ancient_pistol.png,asset_bank/playground/round_01_drowned_harbor/weapons/weapon_ancient_pistol.png,WEBP,822,454,0,255,52200,297499,706dbc19ee010106b48e88c79662648d3649fbd1cf0d27985de054cd91c682c9,False
round_01_drowned_harbor,weapons,assets/images/weapon_arcane_staff.png,asset_bank/playground/round_01_drowned_harbor/weapons/weapon_arcane_staff.png,WEBP,270,892,0,255,44804,252430,4a3f8850c7d6e02d34f96fca941a0bc80572f4dbbbf0df0ccd3ef7cc703bbec6,False
round_01_drowned_harbor,weapons,assets/images/weapon_harbor_rifle.png,asset_bank/playground/round_01_drowned_harbor/weapons/weapon_harbor_rifle.png,WEBP,870,604,0,255,41470,216225,285add2b52af707fb589fafbe17053a18e30ef506144c79e14aee5f133c21136,False
round_01_drowned_harbor,weapons,assets/images/weapon_runic_sword.png,asset_bank/playground/round_01_drowned_harbor/weapons/weapon_runic_sword.png,WEBP,181,834,0,255,22654,124038,a50dd1bc6b8ffa640a8f01e215fe6f5c6a26bed5aeb8b986b987ef28355032be,False
round_01_drowned_harbor,weapons,assets/images/weapon_tidebreaker_shotgun.png,asset_bank/playground/round_01_drowned_harbor/weapons/weapon_tidebreaker_shotgun.png,WEBP,752,649,0,255,43332,288747,b298ca7c749a29fc8ac61fd0fbe60e3a3f5ce749a0cf967125dc73546ff60435,False
round_02_four_worlds,audio,assets/audio/bgm_boss_battle.mp3,asset_bank/playground/round_02_four_worlds/audio/bgm_boss_battle.mp3,MP3,,,,,744658,744658,3b4140e4f72077209b53597b0a6dada99016e630a38a0d322fd2f11e5dd73842,False
round_02_four_worlds,audio,assets/audio/bgm_realm_theme.mp3,asset_bank/playground/round_02_four_worlds/audio/bgm_realm_theme.mp3,MP3,,,,,744658,744658,4b88a432b47c490e94b404605a4a3d99fcb232c4eea9c59b9f65e78ab0999a8b,False
round_02_four_worlds,backgrounds,assets/images/bg_fractured_arena.png,asset_bank/playground/round_02_four_worlds/backgrounds/bg_fractured_arena.png,WEBP,1376,768,255,255,295564,1949211,71d51c38aa9c221a49b342118aa92e32ea2a8bd80353a23447693b6089f09c9e,False
round_02_four_worlds,backgrounds,assets/images/bg_fractured_dimension.png,asset_bank/playground/round_02_four_worlds/backgrounds/bg_fractured_dimension.png,WEBP,1376,768,255,255,213492,1709487,cab7c8b5bfd559fed6a328dac4ed07065bc14f8cd15f287dce4bc95aa4a88c3d,False
round_02_four_worlds,backgrounds,assets/images/bg_jade_arena.png,asset_bank/playground/round_02_four_worlds/backgrounds/bg_jade_arena.png,WEBP,1376,768,255,255,268028,1815931,e6c1f529b4fe88634a4c002ee62ef743bfda8d41e12b1d67b610da1e23b4b51c,False
round_02_four_worlds,backgrounds,assets/images/bg_jade_empire.png,asset_bank/playground/round_02_four_worlds/backgrounds/bg_jade_empire.png,WEBP,1376,768,255,255,250622,1802425,abead92dfaa616a09c4fe0b8d05edcebc74a1e51957a3c7d94fad6a6b652d989,False
round_02_four_worlds,backgrounds,assets/images/bg_machine_arena.png,asset_bank/playground/round_02_four_worlds/backgrounds/bg_machine_arena.png,WEBP,1376,768,255,255,244610,1726674,d302a284fe24fa8d167aa349ac3eb9602cd47fb219a9565dbc02e1ed52f379ef,False
round_02_four_worlds,backgrounds,assets/images/bg_machine_empire.png,asset_bank/playground/round_02_four_worlds/backgrounds/bg_machine_empire.png,WEBP,1376,768,255,255,259604,1825591,513106f6dd2816f56586da0a65a572871c7cde6e4fd0b0627d8979d656f421c4,False
round_02_four_worlds,backgrounds,assets/images/bg_scarlet_arena.png,asset_bank/playground/round_02_four_worlds/backgrounds/bg_scarlet_arena.png,WEBP,1376,768,255,255,194116,1529345,5bba3b2ef89d77c0387061d5a4aa27a2db7da826f3966f1db1281d24dd0df4ba,False
round_02_four_worlds,backgrounds,assets/images/bg_scarlet_fortress.png,asset_bank/playground/round_02_four_worlds/backgrounds/bg_scarlet_fortress.png,WEBP,1376,768,255,255,173424,1444926,60f47a2d1c21584158bd2da4a0060c0fddedc8ba0e468c8c23543d68fc322ae3,False
round_02_four_worlds,backgrounds,assets/images/bg_title_screen.png,asset_bank/playground/round_02_four_worlds/backgrounds/bg_title_screen.png,WEBP,1376,768,255,255,225228,1679055,907877657af63f9dc63834d4d00dcfb0e94b3a288cf330dcd4f708e67158a1cc,False
round_02_four_worlds,bosses,assets/images/boss_hollow_king_death.png,asset_bank/playground/round_02_four_worlds/bosses/boss_hollow_king_death.png,WEBP,8192,512,0,255,613382,3320869,60ad469e80203a3c3a54a1b661533ab25799cb17ab8d85d3132d61b54fdcbd44,False
round_02_four_worlds,bosses,assets/images/boss_hollow_king_hurt.png,asset_bank/playground/round_02_four_worlds/bosses/boss_hollow_king_hurt.png,WEBP,8192,512,0,255,710448,3849196,9a8b315e211fc9b8fadf235146a627c0b61d65e927edb0756b273fe69a98440d,False
round_02_four_worlds,bosses,assets/images/boss_hollow_king_idle.png,asset_bank/playground/round_02_four_worlds/bosses/boss_hollow_king_idle.png,WEBP,2048,512,0,255,180696,934461,deaa8e9bc1a8676c455b04c7b779f0acf35d55a6d2f74c8887371d8f6e68b159,False
round_02_four_worlds,bosses,assets/images/boss_hollow_king_sword_attack.png,asset_bank/playground/round_02_four_worlds/bosses/boss_hollow_king_sword_attack.png,WEBP,8192,512,0,255,686228,3634400,8bd922522f46dcb725199855051e7cd127b2b9e6599379b94304780524d30eb4,False
round_02_four_worlds,bosses,assets/images/boss_hollow_king_walk.png,asset_bank/playground/round_02_four_worlds/bosses/boss_hollow_king_walk.png,WEBP,8192,512,0,255,634484,3435205,05a15b8b923e5eab77a419227b8ee87485110165fa09804bee89df730c96be8d,False
round_02_four_worlds,bosses,assets/images/boss_iron_colossus_attack.png,asset_bank/playground/round_02_four_worlds/bosses/boss_iron_colossus_attack.png,WEBP,8192,512,0,255,654224,3515245,478d56991396c23bf46eca78c745ec85aac6518dbbd05f5ab5b4cf1c5d90da51,False
round_02_four_worlds,bosses,assets/images/boss_iron_colossus_death.png,asset_bank/playground/round_02_four_worlds/bosses/boss_iron_colossus_death.png,WEBP,8192,512,0,255,535624,2838095,7028861beb87b89a4179fde3b7f1da46ebdbd87ea0cb712b32ff0f95e313e778,False
round_02_four_worlds,bosses,assets/images/boss_iron_colossus_hurt.png,asset_bank/playground/round_02_four_worlds/bosses/boss_iron_colossus_hurt.png,WEBP,8192,512,0,255,735942,3907607,a86529661d6142db296067213cbefeced51472bba7ef7362ba5bd757626330ba,False
round_02_four_worlds,bosses,assets/images/boss_iron_colossus_idle.png,asset_bank/playground/round_02_four_worlds/bosses/boss_iron_colossus_idle.png,WEBP,2048,512,0,255,182462,1067286,afbf5b85e6f6d0cc127c00de88c482726487c2de974f6045255a46f7f20cc444,False
round_02_four_worlds,bosses,assets/images/boss_iron_colossus_walk.png,asset_bank/playground/round_02_four_worlds/bosses/boss_iron_colossus_walk.png,WEBP,8192,512,0,255,454192,2515163,f1a4250ac043341ba7db517c70b9eb180ae05bc557f920acda37848d21a1b34d,False
round_02_four_worlds,bosses,assets/images/boss_jade_serpent.png,asset_bank/playground/round_02_four_worlds/bosses/boss_jade_serpent.png,WEBP,829,856,0,255,150686,894616,9dc38a497cbaa922404bf4fe4cd5468bce1ad5c57246e7f28142afcdae0e3b96,False
round_02_four_worlds,bosses,assets/images/boss_reality_architect_attack.png,asset_bank/playground/round_02_four_worlds/bosses/boss_reality_architect_attack.png,WEBP,8192,512,0,255,1089042,5288444,2a1015f6c31018b3f3619f3f0487c9126d62165c996d0614a688e1a4d4e87d0a,False
round_02_four_worlds,bosses,assets/images/boss_reality_architect_death.png,asset_bank/playground/round_02_four_worlds/bosses/boss_reality_architect_death.png,WEBP,8192,512,0,255,905398,4179439,e335757cbfdd19f8c1a7d3b3f976e3cf86a21746061c81e713d5c1f69abc20d8,False
round_02_four_worlds,bosses,assets/images/boss_reality_architect_hurt.png,asset_bank/playground/round_02_four_worlds/bosses/boss_reality_architect_hurt.png,WEBP,8192,512,0,255,1202314,1048797,75260d82b2e0a410096bb17513210b8959bf881cf7bd58b41695b9c0901e9ab6,False
round_02_four_worlds,bosses,assets/images/boss_reality_architect_idle.png,asset_bank/playground/round_02_four_worlds/bosses/boss_reality_architect_idle.png,WEBP,2048,512,0,255,204684,1033778,2cef50d079aaba265503cd84ef224213ca6ca7391876e6f1166c71b7e7d3b94c,False
round_02_four_worlds,bosses,assets/images/boss_reality_architect_walk.png,asset_bank/playground/round_02_four_worlds/bosses/boss_reality_architect_walk.png,WEBP,8192,512,0,255,858378,4210352,0134612354ef3680077ba2c9b80044734ab34dda45638b6ffc09b0095252dbdf,False
round_02_four_worlds,enemies,assets/images/enemy_fractured_knight_attack.png,asset_bank/playground/round_02_four_worlds/enemies/enemy_fractured_knight_attack.png,WEBP,8192,512,0,255,609374,3515610,ba8c1a594df18d3a5bf0a13d0a943a52c04679c676858cdcdb6aeee785f03721,False
round_02_four_worlds,enemies,assets/images/enemy_fractured_knight_death.png,asset_bank/playground/round_02_four_worlds/enemies/enemy_fractured_knight_death.png,WEBP,8192,512,0,255,531026,3201347,2246532eebb7fe7996c7a72bbb36c7aa424603a485051fa260914798518a60ce,False
round_02_four_worlds,enemies,assets/images/enemy_fractured_knight_hurt.png,asset_bank/playground/round_02_four_worlds/enemies/enemy_fractured_knight_hurt.png,WEBP,8192,512,0,255,651342,3610729,a14172ab862534f989997a8492ac21998b3a12091e3dbfab964c93d7e28a32ee,False
round_02_four_worlds,enemies,assets/images/enemy_fractured_knight_idle.png,asset_bank/playground/round_02_four_worlds/enemies/enemy_fractured_knight_idle.png,WEBP,2048,512,0,255,147282,832976,bc7ea42626b103c38acaca1a68fdfa170701e491f4aef5c84cde3e649dfc4da3,False
round_02_four_worlds,enemies,assets/images/enemy_fractured_knight_run.png,asset_bank/playground/round_02_four_worlds/enemies/enemy_fractured_knight_run.png,WEBP,8192,512,0,255,517890,3113669,3ca350b5facae774003f2bd54646ef4066d31c6167ea62da7263b6806d2a1896,False
round_02_four_worlds,enemies,assets/images/enemy_jade_guardian_attack.png,asset_bank/playground/round_02_four_worlds/enemies/enemy_jade_guardian_attack.png,WEBP,8192,512,0,255,488628,2867681,aeba2dc452285755fe7214ad6b18c5ad03607da25c6a93a82fdeb21c19d512eb,False
round_02_four_worlds,enemies,assets/images/enemy_jade_guardian_death.png,asset_bank/playground/round_02_four_worlds/enemies/enemy_jade_guardian_death.png,WEBP,8192,512,0,255,481968,2644731,f8aa2cac6d35a8488a67bf0ddec18385e3de0376d2758977fbab34939dc477ea,False
round_02_four_worlds,enemies,assets/images/enemy_jade_guardian_hurt.png,asset_bank/playground/round_02_four_worlds/enemies/enemy_jade_guardian_hurt.png,WEBP,8192,512,0,255,512482,2889839,676400990e6c723aa31bb47136e9f76af24e91e1ecb96b2b90fbf95e66b7eb59,False
round_02_four_worlds,enemies,assets/images/enemy_jade_guardian_idle.png,asset_bank/playground/round_02_four_worlds/enemies/enemy_jade_guardian_idle.png,WEBP,2048,512,0,255,139474,768763,b9e48a439f50eb014a91a876597f2e7c1a30e7fee2a0738094caf2fc857c1fb9,False
round_02_four_worlds,enemies,assets/images/enemy_jade_guardian_walk.png,asset_bank/playground/round_02_four_worlds/enemies/enemy_jade_guardian_walk.png,WEBP,8192,512,0,255,449442,2511514,921eabf27c81552759f8f8c0a5f6ce18dfa06ca01859fee75309b0aec9da2b70,False
round_02_four_worlds,enemies,assets/images/enemy_machine_scout_death.png,asset_bank/playground/round_02_four_worlds/enemies/enemy_machine_scout_death.png,WEBP,8192,512,0,255,423226,2248857,8cd3f2db1e7bba21be3d10010fc3bd0194c070450605356a7c0d092ff8131c0c,False
round_02_four_worlds,enemies,assets/images/enemy_machine_scout_hurt.png,asset_bank/playground/round_02_four_worlds/enemies/enemy_machine_scout_hurt.png,WEBP,8192,512,0,255,373070,2174185,2b1d97d5eb98b6042629ef4fc6ef8af201cdbab18763b69de18fda9003c5577b,False
round_02_four_worlds,enemies,assets/images/enemy_machine_scout_idle.png,asset_bank/playground/round_02_four_worlds/enemies/enemy_machine_scout_idle.png,WEBP,2048,512,0,255,123282,632204,174b88a082aa4c7443c48f38b3965d3cc2485e09c8d4112dcbfc29992439f81d,False
round_02_four_worlds,enemies,assets/images/enemy_machine_scout_run.png,asset_bank/playground/round_02_four_worlds/enemies/enemy_machine_scout_run.png,WEBP,8192,512,0,255,454246,2488028,7d97c2d6c40f42e7c82fa2a60823abc8c9d3c65e59bc731e758e923743868277,False
round_02_four_worlds,enemies,assets/images/enemy_machine_scout_shoot.png,asset_bank/playground/round_02_four_worlds/enemies/enemy_machine_scout_shoot.png,WEBP,8192,512,0,255,389894,2166998,282aa70d07b03df97a3b186050f1afbd1e344491f83f395d6f7529c257d4fc74,False
round_02_four_worlds,enemies,assets/images/enemy_scarlet_knight_death.png,asset_bank/playground/round_02_four_worlds/enemies/enemy_scarlet_knight_death.png,WEBP,8192,512,0,255,490700,2832005,9d5dc8c7fd0ffbe6bee993eef0536cd8eccf4456fd0147448d62f6ec9891adbb,False
round_02_four_worlds,enemies,assets/images/enemy_scarlet_knight_hurt.png,asset_bank/playground/round_02_four_worlds/enemies/enemy_scarlet_knight_hurt.png,WEBP,8192,512,0,255,594124,3674480,d162720a7bb717a979cce2b19b8310489d98355ad23f39a712ff334a0043644b,False
round_02_four_worlds,enemies,assets/images/enemy_scarlet_knight_idle.png,asset_bank/playground/round_02_four_worlds/enemies/enemy_scarlet_knight_idle.png,WEBP,2048,512,0,255,135960,846167,73285dfeee31ac9d95ba499943830f20cc7da6c860cf1ccaa1447c478766261d,False
round_02_four_worlds,enemies,assets/images/enemy_scarlet_knight_run.png,asset_bank/playground/round_02_four_worlds/enemies/enemy_scarlet_knight_run.png,WEBP,8192,512,0,255,616192,3641534,6688919d4bca9304f65be6adef8a5bc27b6b44a8be05bf7f7b2f5cdf3a5645c8,False
round_02_four_worlds,enemies,assets/images/enemy_scarlet_knight_sword_attack.png,asset_bank/playground/round_02_four_worlds/enemies/enemy_scarlet_knight_sword_attack.png,WEBP,8192,512,0,255,589684,3312329,ecc00f360377042da8880df9598b93fcc08abd11071a7668312a4724662682d3,False
round_02_four_worlds,vfx,assets/images/fx_dash_trail.png,asset_bank/playground/round_02_four_worlds/vfx/fx_dash_trail.png,WEBP,834,425,0,255,49868,320741,e9d91a863a2e3b6ebbe837037aa4cb22c92b1ca46bb8290a9766ea659131984f,False
round_02_four_worlds,vfx,assets/images/fx_death_particles.png,asset_bank/playground/round_02_four_worlds/vfx/fx_death_particles.png,WEBP,567,782,0,255,75934,434197,ec45e0a97085381e106161d162b251725b6882f6a581cbefd61aec305aa66ece,False
round_02_four_worlds,vfx,assets/images/fx_electric_impact.png,asset_bank/playground/round_02_four_worlds/vfx/fx_electric_impact.png,WEBP,795,796,0,255,132140,651236,fdb7c6b2310bf6c6360e2f9047ffd2f301ee75e039608b18fc4e6118afcfe683,False
round_02_four_worlds,vfx,assets/images/fx_explosion.png,asset_bank/playground/round_02_four_worlds/vfx/fx_explosion.png,WEBP,700,588,0,255,83230,506231,6b084bb31669286dd54255134b3fb9bf7a8c4dcc9c79aaf3abb98bdd2dcc8946,False
round_02_four_worlds,vfx,assets/images/fx_heal_pulse.png,asset_bank/playground/round_02_four_worlds/vfx/fx_heal_pulse.png,WEBP,824,824,0,255,100262,572633,d538e97456c935b14fede038a6b24799d69ca36424bd063a8dccd45ac38ae5b4,False
round_02_four_worlds,vfx,assets/images/fx_muzzle_flash.png,asset_bank/playground/round_02_four_worlds/vfx/fx_muzzle_flash.png,WEBP,660,620,0,255,49080,300785,9aeed640c3131be0e1de96a9b7091b89652868b3cf6197131428e294d4426888,False
round_02_four_worlds,vfx,assets/images/fx_shield_break.png,asset_bank/playground/round_02_four_worlds/vfx/fx_shield_break.png,WEBP,762,752,0,255,102388,626475,657f0a96964fafd9bb8ba5f7604a3e69f9506f7d922afa0d3f39c7306aa0e514,False
round_02_four_worlds,vfx,assets/images/fx_sword_slash.png,asset_bank/playground/round_02_four_worlds/vfx/fx_sword_slash.png,WEBP,742,578,0,255,43286,293016,69c566cad6c3ac8b419bb58630a2fb214e32fff08468f5adb5fd70d053282d40,False
round_02_four_worlds,characters,assets/images/hero_explorer_death.png,asset_bank/playground/round_02_four_worlds/characters/hero_explorer_death.png,WEBP,8192,512,0,255,387228,2355470,3702dceb078e3dc9476ed66d6b6449a678ddae62fb64e524a50fbabf09a13a5f,False
round_02_four_worlds,characters,assets/images/hero_explorer_hurt.png,asset_bank/playground/round_02_four_worlds/characters/hero_explorer_hurt.png,WEBP,8192,512,0,255,306730,1932109,25e2e44a8e76cc9f959cc23ed3953838d172b0048080ae3cdbf6b882eb8f3f17,False
round_02_four_worlds,characters,assets/images/hero_explorer_idle.png,asset_bank/playground/round_02_four_worlds/characters/hero_explorer_idle.png,WEBP,2048,512,0,255,81528,524284,9739d8efc63bef31766de14fc0f0c8b6c8c80d56af3da61a92bb6cdec0c7d604,False
round_02_four_worlds,characters,assets/images/hero_explorer_run.png,asset_bank/playground/round_02_four_worlds/characters/hero_explorer_run.png,WEBP,8192,512,0,255,426112,2746946,bcce36149bd974b3f09fbb6bf71b93edec010c19e44e77c4defcc05412ccf961,False
round_02_four_worlds,characters,assets/images/hero_explorer_shoot.png,asset_bank/playground/round_02_four_worlds/characters/hero_explorer_shoot.png,WEBP,8192,512,0,255,289838,1762563,c986e9f0cabbeb9161188d559ee4e9480f56f7c284af228c8bf7cc84b5e2cadc,False
round_02_four_worlds,characters,assets/images/hero_explorer_walk.png,asset_bank/playground/round_02_four_worlds/characters/hero_explorer_walk.png,WEBP,8192,512,0,255,331258,2061845,1f685527792957db1a238c64b27a84a4ec505722e4c2e6a51429e6bc06a3d941,False
round_02_four_worlds,characters,assets/images/hero_iron_warden_death.png,asset_bank/playground/round_02_four_worlds/characters/hero_iron_warden_death.png,WEBP,8192,512,0,255,442314,2443480,ad75db5efdb8e3476aaa98dd247c53715962ece8a598a15a36b081e53ed1d524,False
round_02_four_worlds,characters,assets/images/hero_iron_warden_hurt.png,asset_bank/playground/round_02_four_worlds/characters/hero_iron_warden_hurt.png,WEBP,8192,512,0,255,492200,2551799,732f33b78f8add44648285ae9ab36c91d44b05faac25c1213213ac97231f618a,False
round_02_four_worlds,characters,assets/images/hero_iron_warden_idle.png,asset_bank/playground/round_02_four_worlds/characters/hero_iron_warden_idle.png,WEBP,2048,512,0,255,138992,755355,b90b8bdd45a896567d5249faa61d589f904e3d18c882ff3013d179ddd61ad978,False
round_02_four_worlds,characters,assets/images/hero_iron_warden_run.png,asset_bank/playground/round_02_four_worlds/characters/hero_iron_warden_run.png,WEBP,8192,512,0,255,496340,2852432,9c71640f64ba12547b7f935ce37bac4b26305ecc781df422e38243dd87e63838,False
round_02_four_worlds,characters,assets/images/hero_iron_warden_sword_attack.png,asset_bank/playground/round_02_four_worlds/characters/hero_iron_warden_sword_attack.png,WEBP,8192,512,0,255,528154,2729539,dbe16b5b252d2fd9404f616ea05733ef4e11a98b3b39a2b05b44c1e882ddd1de,False
round_02_four_worlds,characters,assets/images/hero_iron_warden_walk.png,asset_bank/playground/round_02_four_worlds/characters/hero_iron_warden_walk.png,WEBP,8192,512,0,255,470408,2629364,ae1aca10d3c2e4f3dcd1d2066462986775174eab1bedd9a0eac467c0cd03e287,False
round_02_four_worlds,props,assets/images/prop_chest_common.png,asset_bank/playground/round_02_four_worlds/props/prop_chest_common.png,WEBP,660,679,0,255,66524,456499,0470cbb5575af8b3199c84e0befc22df95bbe05b1ffdf6499652055a9fb19691,False
round_02_four_worlds,props,assets/images/prop_chest_legendary.png,asset_bank/playground/round_02_four_worlds/props/prop_chest_legendary.png,WEBP,762,833,0,255,83022,608765,39c969caec9e029bb3b71cd505f8747dfaa02af6f4ea046a5b3e69ee2295702a,False
round_02_four_worlds,props,assets/images/prop_chest_rare.png,asset_bank/playground/round_02_four_worlds/props/prop_chest_rare.png,WEBP,772,762,0,255,120944,784802,08eecbde887413ca2e73efe8b06d36f1d641f45d90223a8af5a7110642a63918,False
round_02_four_worlds,props,assets/images/prop_coin_pickup.png,asset_bank/playground/round_02_four_worlds/props/prop_coin_pickup.png,WEBP,682,650,0,255,45708,330554,050e013e8bac27984ca8e5534aca5eb68843bf6a6c60283c1c02216860ee19cc,False
round_02_four_worlds,props,assets/images/prop_crystal_pickup.png,asset_bank/playground/round_02_four_worlds/props/prop_crystal_pickup.png,WEBP,638,682,0,255,55084,435002,ab02d83c14f038f39369e1aa7fda134dc3a76c8353bf37d4840611596e2d95e7,False
round_02_four_worlds,props,assets/images/prop_destructible_crate.png,asset_bank/playground/round_02_four_worlds/props/prop_destructible_crate.png,WEBP,782,838,0,255,96282,653697,99ed583797e02e9dc096b36abef876f1d7b84ae8679232d908d9f4e3bfcd3c32,False
round_02_four_worlds,props,assets/images/prop_explosive_barrel.png,asset_bank/playground/round_02_four_worlds/props/prop_explosive_barrel.png,WEBP,475,762,0,255,41104,283382,32ea79ca3f037bfc024405382e9bdac61ade652d4433f2dfb9c9ac87ea93864d,False
round_02_four_worlds,props,assets/images/prop_healing_shrine.png,asset_bank/playground/round_02_four_worlds/props/prop_healing_shrine.png,WEBP,782,762,0,255,56982,434214,cb57af96ad52d7b6845dde9e5752335d821031bf85007f74518a73dbd945183d,False
round_02_four_worlds,props,assets/images/prop_health_pickup.png,asset_bank/playground/round_02_four_worlds/props/prop_health_pickup.png,WEBP,742,741,0,255,42478,341305,b8b8b5e5d1bbec0947b48070aaaffd81c4af6d2d3d2b865eb6e38e9ad9c1dcb2,False
round_02_four_worlds,props,assets/images/prop_magic_altar.png,asset_bank/playground/round_02_four_worlds/props/prop_magic_altar.png,WEBP,790,617,0,255,68152,403972,f9885b92cb8a6e3692923bdb058c05511df2d7ebc1c2267cc4fe3d21ce0477cb,False
round_02_four_worlds,props,assets/images/prop_teleport_portal.png,asset_bank/playground/round_02_four_worlds/props/prop_teleport_portal.png,WEBP,671,859,0,255,123042,737027,621aa26b596442a36e3a4c29e463493c7c6aa5574fcfcc61ffc7f746f6c84698,False
round_02_four_worlds,props,assets/images/prop_weapon_pedestal.png,asset_bank/playground/round_02_four_worlds/props/prop_weapon_pedestal.png,WEBP,700,668,0,255,47822,384945,98ce40db783e946e42d8a2324480d5dc4bce5a29fcc7168662e00b933166980b,False
round_02_four_worlds,weapons,assets/images/weapon_ancient_sword.png,asset_bank/playground/round_02_four_worlds/weapons/weapon_ancient_sword.png,WEBP,895,895,0,255,76786,415300,2974c4795c8d33f3e753075e3c95ba8f4789b7c8570634d05d8a2ab25fdf05fe,False
round_02_four_worlds,weapons,assets/images/weapon_assault_rifle.png,asset_bank/playground/round_02_four_worlds/weapons/weapon_assault_rifle.png,WEBP,886,567,0,255,45618,265487,ab32622ceeaaab69635f90fe51aec0f5a14a9fe06198185c40e0f4f5995962ad,False
round_02_four_worlds,weapons,assets/images/weapon_celestial_railgun.png,asset_bank/playground/round_02_four_worlds/weapons/weapon_celestial_railgun.png,WEBP,857,618,0,255,78448,409157,f549213c369ff6722915af3796b6f8a2119f0c75d567d53da51fda1df2f79e72,False
round_02_four_worlds,weapons,assets/images/weapon_dual_daggers.png,asset_bank/playground/round_02_four_worlds/weapons/weapon_dual_daggers.png,WEBP,866,753,0,255,93560,442862,f6152678c02edc01fa5127ec7ca48e7182508fcad1376707dad62a0d1565659e,False
round_02_four_worlds,weapons,assets/images/weapon_energy_shotgun.png,asset_bank/playground/round_02_four_worlds/weapons/weapon_energy_shotgun.png,WEBP,862,444,0,255,39144,239445,1dbd21bedc3762993667260d429547313469d705f80c0dfb68239d0ce77e009b,False
round_02_four_worlds,weapons,assets/images/weapon_heavy_crossbow.png,asset_bank/playground/round_02_four_worlds/weapons/weapon_heavy_crossbow.png,WEBP,842,526,0,255,86954,472159,f64c7e48152b9f941e01b4782c97fe454ec87b700ef0242a484b215235a83b7a,False
round_02_four_worlds,weapons,assets/images/weapon_magical_staff.png,asset_bank/playground/round_02_four_worlds/weapons/weapon_magical_staff.png,WEBP,332,822,0,255,27604,145776,7f1dc0bbfd6e09768f645b625350a87a549eaaf88dbe36bc135b7eaf382a8c9f,False
round_02_four_worlds,weapons,assets/images/weapon_plasma_cannon.png,asset_bank/playground/round_02_four_worlds/weapons/weapon_plasma_cannon.png,WEBP,862,618,0,255,54222,343645,a6f5594b9fab50cb0745f68c95b58cdc06bf535f71fadbe5503f83dc71b34a6c,False
